youtube.com,
google.com,
naver.com,
coupang.com,
fmkorea.com,
daum.net,
kr-weathernews.com,
tistory.com,
arca.live,
kakao.com,
ruliweb.com,
ilbe.com,
inven.co.kr,
twitter.com,
ravielink.xyz,
newtoki319.com,
tvwiki.top,
manatoki319.net,
draplay.info,
dogdrip.net,
facebook.com,
twitch.tv,
aliexpress.com,
ppomppu.co.kr,
donga.com,
instagram.com,
nate.com,
humoruniv.com,
nexon.com,
google.com,
gmarket.co.kr,
11st.co.kr,
theqoo.net,
newtoki318.com,
newtoki317.com,
ssg.com,
av19.org,
appier.net,
manatoki317.net,
manatoki318.net,
linkkf.tv,
yadongtube.net,
etoland.co.kr,
ideajmoney.xyz,
booktoki319.com,
samsung.com,
afreecatv.com,
chosun.com,
buzzvil.com,
avsee.in,
tvmon.help,
clien.net,
postype.com,
pornhub.com,
wikipedia.org,
yatv.net,
danawa.com,
jmana.one,
shinhancard.com,
openai.com,
sauceflex.com,
bobaedream.com.kr,
netflix.com,
affinity.net,
tdgall.com,
auction.co.kr,
newspic.kr,
kbcard.com,
dhlottery.co.kr,
cjlogistics.com,
adbrix.io,
twidouga.net,
hasha.in,
asianhd1.com,
momento.dev,
op.gg,
instiz.net,
olivyoung.co.kr,
lotteon.com,
mediacategory.com,
musinsa.com,
gezip.net,
jjang0u.com,
ygosu.com,
sflex.us,
anilife.live,
inlcorp.com,
quasarzone.com,
blacktoon270.com,
asianhd2.cc,
blacktoon269.com,
yadongkorea.red,1
kt.com,
booktoki317.com,
brunch.co.kr,
microsoft.com,
xvideos.com,
mk.co.kr,
tgd.kr,
homplus.co.kr,
