Name,Url
신한카드,https://www.shinhancard.com
신한은행,https://www.shinhan.com
신한은행,https://m.shinhan.com
신한은행,https://bank.shinhan.com
신한은행,https://bizbank.shinhan.com
국민카드,https://card.kbcard.com
국민카드,https://m.kbcard.com
국민카드,https://biz.kbcard.com
국민카드,https://mbiz.kbcard.com
국민은행,https://www.kbstar.com
국민은행,https://obiz.kbstar.com
국민은행,https://obank.kbstar.com
삼성카드,https://www.samsungcard.com
농협,https://nonghyup.com
농협은행,https://nhbank.com
농협은행,https://banking.nonghyup.com
농협카드,https://smartcard.nonghyup.com
농협카드,https://card.nonghyup.com
농협카드,https://nhbizcard.nonghyup.com
농협카드,https://m.nhbizcard.nonghyup.com
씨티은행,https://www.citibank.co.kr
산업은행,http://www.bok.or.kr
새마을금고,https://www.kfcc.co.kr
MG체크카드,https://mgcheck.kfcc.co.kr
수협은행,https://www.suhyup-bank.com
전북은행,https://www.jbbank.co.kr
토스,https://toss.im
토스뱅크,https://www.tossbank.com
하나카드,https://www.hanacard.co.kr
하나카드,https://m.hanacard.co.kr
하나은행,https://www.kebhana.com
하나은행,https://m.kebhana.com
하나은행,https://biz.kebhana.com
우리은행,https://www.wooribank.com
우리은행,https://m.wooribank.com
우리은행,https://spib.wooribank.com
우리은행,https://nbi.wooribank.com
우리은행,https://spot.wooribank.com
우리카드,https://m.wooricard.com
우리카드,https://pc.wooricard.com
IBK기업은행,https://www.ibk.co.kr/
카카오뱅크,https://m.kakaobank.com
카카오뱅크,https://www.kakaobank.com
카카오페이,https://www.kakaopay.com
BC카드,https://www.bccard.com
페이북,https://paybooc.co.kr
롯데카드,https://www.lottecard.co.kr
현대카드,https://www.hyundaicard.com
한국장학재단,https://www.kosaf.go.kr
신한투자증권,https://www.shinhansec.com
한국거래소,http://data.krx.co.kr
삼성증권,https://www.samsungpop.com
키움증권,https://www.kiwoom.com
토스증권,https://www.tossinvest.com
미래에셋증권,https://securities.miraeasset.com
유진투자증권,https://m.eugenefn.com
대신투자증권,https://www.daishin.com
하나증권,https://www.hanaw.com
메리츠증권,https://home.imeritz.com
NH투자증권,https://www.nhqv.com
SK증권,https://www.sks.co.kr
하이투자증권,https://www.hi-ib.com
한화투자증권,https://www.hanwhawm.com
현대해상,https://www.hi.co.kr

