shinhancard.com,
kbcard.com,
shinhan.com,
samsungcard.com,
coinpan.com,
nonghyup.com,
toss.im,
bithumb.com,
shcard.io,
hanacard.co.kr,
kakaopay.com,
kbstar.com,
humdaicard.com,
yahoo.com,
inicis.com,
upbit.com,
kiwoom.com,
wooribank.com,
blockmedia.co.kr,
meritzfire.com,
kbinsure.co.kr,
investing.com,
wooricard.com,
hometax.go.kr,
sedaily.com,
banksalad.com,
hyndaicapital.com,
kbsec.com,
credit.co.kr,
tradingview.com,
happypointcard.com,
fss.or.kr,
coinreaders.com,
hanabank.com,
nicepay.co.kr,
withnews.kr,
ibk.co.kr,
miraeasset.com,
kbanknow.com,
hipass.co.kr,
hanwhalife.com,
kebhana.com,
payletter.com,
koreainvestment.com,
binance.com,
nts.go.kr,
paypal.com,
einfomax.co.kr,
bybit.com,
busanbank.co.kr,
giro.or.kr,
tokenpost.kr,
kinfa.or.kr,
aia.co.kr,
nps.or.kr,
oksavingsbank.com,
kakaobank.com,
coinmarketcap.com,
onestopsamsungpop.co.kr,
bccard.com,
welcomebank.co.kr,
etomato.com,
samsungpop.com,
finviz.com,
esignal.co.kr,
samsungcard.co.kr,
coinone.co.kr,
bitget.com,
mnuri.kr,
shinhansavings.com,
ksnet.co.kr,
komoju.com,
kimpga.com,
kakaobank.io,
wetax.go.kr,
dgb.co.kr,
economist.co.kr,
jbbank.co.kr,
hanaw.com,
bizwatch.co.kr,
card-gorilla.com,
catch.co.kr,
hf.go.kr,
coinness.com,
hipluscard.co.kr,
citibank.co.kr,
kjbank.com,
adyen.com,
ebestsec.co.kr,
kiwoomap.com,
khug.or.kr,
oilbankcard.com,
kbcapital.co.kr,
knbank.co.kr,
krx.co.kr,
coinsbit.io,
aptner.com,
hanamembershi,
antiscam.co.kr,
paxnet.co.kr,
