Keywords,return
신한,1
국민,1
삼성,1
농협,1
토스,1
하나,1
우리,1
IBK,1
카카오,1
BC,1
대출,1
이율,1
이자,1
리볼빙,1
보험,1
계좌,1
송금,1
잔액,1
한도,1
환전,1
이체,1
카드,1
은행,1
카드번호,1
유효기간,1
발급,1
입금,1
현금,1
상환,1
주식,1
투자,1
공동인증서,1
선물,1
금리,1
만기,1
수협,1
씨티,1
산업,1
새마을금고,1
체크카드,1
신용카드,1
결제,1
키움,1
복리,1
택배,2
CJ대한통운,2
로젠,2
합동,2
우체국,2
한진,2
롯데글로벌로지스,2
천일,2
대신,2
일양로지스,2
DHL,2
FedEx,2
UPU,2
EMS,2
우편,2
등기,2
상품,2
배송,2
반송,2
운송장,2
주소,2
통관,3
검찰,3
경찰,3
법원,3
정부24,3
민원,3
범칙금,3
해양경찰청,3
법무부,3
의료보험공단,3
NHIS,3
국세청,3
홈택스,3
위택스,3
렌트홈,3
LH,3
토지주택공사,3
외교부,3
출국,3
관세청,3
유니패스,3
국민연금,3
건강검진,3
고지서,3
민원,3
민방위,3
공사,3
벌금,3
병무청,3
예비군,3
